,종목명,현재가
0,삼성전자,68000.0
1,LG에너지솔루션,552000.0
2,SK하이닉스,97500.0
3,삼성바이오로직스,779000.0
4,LG화학,699000.0
5,삼성전자우,57700.0
6,삼성SDI,689000.0
7,현대차,207000.0
8,기아,88800.0
9,NAVER,214500.0
10,POSCO홀딩스,366500.0
11,카카오,57700.0
12,셀트리온,172600.0
13,포스코퓨처엠,308000.0
14,현대모비스,226500.0
15,삼성물산,111200.0
16,KB금융,49350.0
17,LG전자,113100.0
18,신한지주,34950.0
19,SK이노베이션,178300.0
20,LG,89800.0
21,삼성생명,67200.0
22,하나금융지주,41850.0
23,SK,167700.0
24,카카오뱅크,24800.0
25,한국전력,18320.0
26,하이브,279000.0
27,KT&G,84000.0
28,삼성화재,234500.0
29,SK텔레콤,50000.0
30,삼성전기,141900.0
31,두산에너빌리티,15860.0
32,HD현대중공업,112500.0
33,크래프톤,201500.0
34,고려아연,491500.0
35,메리츠금융지주,45750.0
36,삼성에스디에스,120200.0
37,HMM,18370.0
38,LG생활건강,573000.0
39,우리금융지주,11950.0
40,S-Oil,74500.0
41,엔씨소프트,374500.0
42,KT,31400.0
43,대한항공,22250.0
44,기업은행,10200.0
45,한화솔루션,46500.0
46,롯데케미칼,177400.0
47,카카오페이,56600.0
48,LG이노텍,291500.0
49,아모레퍼시픽,116600.0
50,HD한국조선해양,90500.0
51,SK스퀘어,43750.0
52,현대글로비스,164700.0
53,SK바이오사이언스,78600.0
54,삼성엔지니어링,30300.0
55,SK아이이테크놀로지,82100.0
56,LG디스플레이,16200.0
57,KODEX 200,33345.0
58,SK바이오팜,69900.0
59,한화에어로스페이스,105300.0
60,DB손해보험,75000.0
61,포스코인터내셔널,30100.0
62,F&F,137600.0
63,두산밥캣,52300.0
64,맥쿼리인프라,12930.0
65,코스모신소재,170500.0
66,한국항공우주,52800.0
67,한온시스템,9530.0
68,넷마블,58800.0
69,오리온,127800.0
70,삼성중공업,5650.0
71,LG유플러스,11210.0
72,CJ제일제당,323000.0
73,TIGER CD금리투자KIS(합성),52380.0
74,현대제철,34950.0
75,HD현대,57900.0
76,한국타이어앤테크놀로지,36700.0
77,유한양행,57300.0
78,현대건설,39300.0
79,미래에셋증권,6980.0
80,현대차2우B,113300.0
81,강원랜드,18530.0
82,금호석유,132900.0
83,한미약품,296000.0
84,GS,39550.0
85,코웨이,49000.0
86,KODEX KOFR금리액티브(합성),103040.0
87,SKC,92400.0
88,삼성카드,30150.0
89,현대오토에버,125000.0
90,현대로템,31250.0
91,씨에스윈드,76300.0
92,호텔신라,81600.0
93,삼성증권,35100.0
94,NH투자증권,9440.0
95,BGF리테일,180100.0
96,롯데지주,28950.0
97,현대해상,33850.0
98,한국금융지주,54200.0
99,금양,52000.0
100,쌍용C&E,5800.0
101,OCI,119800.0
102,LG화학우,368000.0
103,한진칼,41850.0
104,TIGER 차이나전기차SOLACTIVE,11020.0
105,팬오션,5160.0
106,한화시스템,14570.0
107,현대미포조선,68600.0
108,KODEX 종합채권(AA-이상)액티브,105255.0
109,대우조선해양,25450.0
110,DB하이텍,61400.0
111,현대차우,110300.0
112,아모레G,32250.0
113,GS리테일,25300.0
114,LS,81900.0
115,한미사이언스,37600.0
116,한전기술,67600.0
117,CJ,88400.0
118,한솔케미칼,227500.0
119,농심,422000.0
120,롯데에너지머티리얼즈,55300.0
121,TIGER 200,33395.0
122,키움증권,94100.0
123,이마트,87600.0
124,한국가스공사,25750.0
125,TIGER 미국나스닥100,82650.0
126,동원산업,46250.0
127,롯데쇼핑,81700.0
128,한미반도체,23700.0
129,휠라홀딩스,36950.0
130,HL만도,47350.0
131,BNK금융지주,6700.0
132,한화생명,2495.0
133,한화,28850.0
134,에스원,56300.0
135,제일기획,18460.0
136,동서,21100.0
137,KODEX 레버리지,16355.0
138,KODEX 200TR,11375.0
139,신세계,208500.0
140,영원무역,45700.0
141,두산퓨얼셀,30650.0
142,효성첨단소재,436000.0
143,KODEX 200선물인버스2X,2640.0
144,HD현대인프라코어,9670.0
145,KG모빌리티,10200.0
146,KCC,213000.0
147,에스디바이오센서,17910.0
148,덴티움,167300.0
149,TIGER 미국S&P500,14050.0
150,CJ대한통운,80800.0
151,대한전선,14780.0
152,LS ELECTRIC,61100.0
153,오뚜기,456000.0
154,GS건설,21050.0
155,LX세미콘,109500.0
156,현대엘리베이,43600.0
157,대우건설,4255.0
158,에스엘,38050.0
159,효성티앤씨,403000.0
160,LIG넥스원,77900.0
161,TIGER 미국테크TOP10 INDXX,12265.0
162,현대위아,61400.0
163,HD현대일렉트릭,45950.0
164,JB금융지주,8400.0
165,코스모화학,46950.0
166,하이트진로,23400.0
167,TIGER 미국필라델피아반도체나스닥,11445.0
168,두산,95000.0
169,한전KPS,34750.0
170,롯데정밀화학,60500.0
171,KODEX 23-12 은행채(AA+이상)액티브,10285.0
172,녹십자,125600.0
173,금호타이어,4970.0
174,효성,66000.0
175,DL이앤씨,35100.0
176,TIGER MSCI Korea TR,14195.0
177,롯데칠성,141900.0
178,솔루스첨단소재,37500.0
179,한국앤컴퍼니,13540.0
180,대웅제약,110900.0
181,KBSTAR 200,33590.0
182,SK케미칼,72500.0
183,GKL,20100.0
184,현대백화점,53000.0
185,후성,13130.0
186,솔루엠,24550.0
187,LX인터내셔널,31650.0
188,KBSTAR 종합채권(A-이상)액티브,97685.0
189,TIGER 2차전지테마,27745.0
190,명신산업,23100.0
191,SK가스,131200.0
192,KODEX 삼성그룹,9200.0
193,KODEX 단기채권PLUS,106580.0
194,DGB금융지주,7020.0
195,동원시스템즈,40850.0
196,HD현대건설기계,60100.0
197,아이에스동서,38050.0
198,코오롱인더,42500.0
199,KODEX Top5PlusTR,16965.0
200,이수화학,41500.0
201,풍산,40550.0
202,한올바이오파마,21600.0
203,한샘,47250.0
204,동국제강,11580.0
205,대덕전자,22350.0
206,KODEX 2차전지산업,26750.0
207,일진하이솔루스,30050.0
208,SK네트웍스,4595.0
209,코리안리,7630.0
210,종근당,85300.0
211,삼아알미늄,72600.0
212,TIGER TOP10,11160.0
213,SK오션플랜트,19590.0
214,제주항공,13540.0
215,롯데렌탈,27950.0
216,TIGER 단기통안채,103415.0
217,SK리츠,5120.0
218,더존비즈온,32750.0
219,영풍,539000.0
220,코스맥스,87000.0
221,오리온홀딩스,15760.0
222,롯데웰푸드,103900.0
223,NHN,28050.0
224,DL,46650.0
225,PI첨단소재,32950.0
226,TKG휴켐스,23250.0
227,아시아나항공,12730.0
228,애경케미칼,19410.0
229,롯데리츠,3870.0
230,영원무역홀딩스,68500.0
231,대한유화,141300.0
232,KG스틸,9120.0
233,영풍제지,19590.0
234,신풍제약,16910.0
235,율촌화학,36050.0
236,세아베스틸지주,24850.0
237,제이알글로벌리츠,4505.0
238,하나투어,55300.0
239,ESR켄달스퀘어리츠,4130.0
240,LG전자우,51200.0
241,한국콜마,38100.0
242,KODEX 코스닥150레버리지,10070.0
243,넥센타이어,8830.0
244,대웅,14820.0
245,한일시멘트,12440.0
246,롯데관광개발,11620.0
247,KODEX 단기채권,105965.0
248,더블유게임즈,47100.0
249,다우기술,18890.0
250,해성디에스,49400.0
251,HDC현대산업개발,12600.0
252,TCC스틸,31500.0
253,삼양식품,108900.0
254,이노션,40550.0
255,F&F홀딩스,20500.0
256,미원상사,163700.0
257,진에어,15060.0
258,DN오토모티브,78400.0
259,KODEX 인버스,4585.0
260,TIGER 200 IT,31080.0
261,SNT모티브,51600.0
262,태광산업,675000.0
263,녹십자홀딩스,15710.0
264,세방전지,52300.0
265,자화전자,33000.0
266,KODEX 자동차,19255.0
267,CJ CGV,14980.0
268,효성중공업,76500.0
269,미원에스씨,138400.0
270,KODEX 코스닥150선물인버스,4215.0
271,ARIRANG 200,33840.0
272,ACE 종합채권(AA-이상)KIS액티브,96240.0
273,세아제강지주,163300.0
274,신세계인터내셔날,18890.0
275,KCC글라스,42200.0
276,대신증권,13260.0
277,케이카,13970.0
278,한세실업,16680.0
279,대상,19120.0
280,SPC삼립,76600.0
281,SK디스커버리,34250.0
282,이엔플러스,10680.0
283,KODEX MSCI Korea TR,11310.0
284,우리종금,740.0
285,이수페타시스,10160.0
286,동원F&B,33200.0
287,대한해운,1998.0
288,LX홀딩스,8340.0
289,한국단자,60900.0
290,삼양홀딩스,73900.0
291,한섬,25400.0
292,TIGER KOFR금리액티브(합성),101615.0
293,동양생명,3850.0
294,애경산업,23500.0
295,KBSTAR 23-11 회사채(AA-이상)액티브,51580.0
296,드림텍,9130.0
297,경동나비엔,41350.0
298,지누스,31750.0
299,티웨이항공,2985.0
300,보령,8720.0
301,TIGER 24-10 회사채(A+이상)액티브,52670.0
302,현대홈쇼핑,49100.0
303,한화투자증권,2740.0
304,엠씨넥스,32200.0
305,SBS,31550.0
306,쿠쿠홀딩스,16150.0
307,JW중외제약,25100.0
308,프레스티지바이오파마,9520.0
309,삼성 인버스 2X 천연가스 선물 ETN C,56910.0
310,QV 코스피 변동성 매칭형 양매도 ETN,8015.0
311,HSD엔진,7810.0
312,화신,15920.0
313,부광약품,7820.0
314,삼성화재우,173600.0
315,쏘카,16900.0
316,TIGER 단기채권액티브,51950.0
317,유안타증권,2760.0
318,ACE 미국S&P500,14180.0
319,쿠쿠홈시스,24350.0
320,파미셀,9050.0
321,티와이홀딩스,10760.0
322,신한알파리츠,6130.0
323,바이오노트,5290.0
324,일동제약,19990.0
325,KBSTAR 단기통안채,107790.0
326,동아쏘시오홀딩스,83800.0
327,HANARO 200,33450.0
328,서연이화,19630.0
329,KODEX 선진국MSCI World,21855.0
330,동일산업,218000.0
331,영진약품,2890.0
332,제주은행,16360.0
333,삼성SDI우,324500.0
334,신영증권,55800.0
335,삼천리,129000.0
336,롯데손해보험,1681.0
337,미래에셋증권2우B,3715.0
338,LG생활건강우,246500.0
339,TIGER 글로벌리튬&2차전지SOLACTIVE(합성),9415.0
340,DI동일,19660.0
341,KOSEF 국고채10년,111510.0
342,미래에셋생명,2850.0
343,TIGER 차이나항셍테크,5650.0
344,KOSEF 200TR,41345.0
345,한화손해보험,4230.0
346,KODEX 미국S&P500TR,12595.0
347,SK디앤디,22050.0
348,LF,16590.0
349,동아에스티,56300.0
350,코람코에너지리츠,5470.0
351,한국카본,10990.0
352,NICE,12620.0
353,KG케미칼,34300.0
354,삼성 레버리지 WTI원유 선물 ETN,1175.0
355,빙그레,47800.0
356,KBSTAR 머니마켓액티브,50075.0
357,고려제강,18770.0
358,KB스타리츠,4610.0
359,삼양사,45150.0
360,ACE 미국나스닥100,14200.0
361,KODEX 미국FANG플러스(H),25625.0
362,세아홀딩스,114400.0
363,KODEX 코스닥150,12580.0
364,삼화콘덴서,43650.0
365,화승엔터프라이즈,7470.0
366,콘텐트리중앙,23450.0
367,신성이엔지,2190.0
368,HD현대에너지솔루션,39950.0
369,서울가스,89300.0
370,KODEX 미국나스닥100TR,12255.0
371,남해화학,8820.0
372,TIGER 미국달러단기채권액티브,11580.0
373,풀무원,11330.0
374,유니드,63700.0
375,ACE 200,33535.0
376,현대그린푸드,12560.0
377,세아제강,149300.0
378,YG PLUS,6670.0
379,롯데정보통신,27150.0
380,신한 레버리지 WTI원유 선물 ETN(H),835.0
381,아세아시멘트,10630.0
382,ARIRANG 종합채권(AA-이상)액티브,103105.0
383,SK렌터카,8730.0
384,KODEX 단기변동금리부채권액티브,106665.0
385,SGC에너지,27750.0
386,케이씨텍,19310.0
387,쎌마테라퓨틱스,6410.0
388,HDC,6670.0
389,삼성FN리츠,5140.0
390,송원산업,16510.0
391,BGF,4120.0
392,신영증권우,55700.0
393,맵스리얼티1,4230.0
394,아모레퍼시픽우,37100.0
395,국도화학,43150.0
396,DB,1930.0
397,코오롱플라스틱,10200.0
398,TIGER 일본니케이225,17765.0
399,TYM,2490.0
400,진원생명과학,4845.0
401,TIGER KRX2차전지K-뉴딜,17355.0
402,한국자산신탁,3015.0
403,유나이티드제약,22900.0
404,KOSEF 200,33335.0
405,에어부산,3165.0
406,SIMPAC,5640.0
407,신도리코,36500.0
408,남선알미늄,2845.0
409,LX하우시스,40900.0
410,KODEX 반도체,29040.0
411,남양유업,506000.0
412,조선내화,9030.0
413,일성신약,27150.0
414,휴스틸,6360.0
415,한화리츠,5050.0
416,E1,51800.0
417,한일홀딩스,11520.0
418,교보증권,5440.0
419,현대퓨처넷,3190.0
420,웅진씽크빅,3040.0
421,풍산홀딩스,35000.0
422,HL홀딩스,33350.0
423,잇츠한불,15900.0
424,대성홀딩스,21500.0
425,TIGER 글로벌자율주행&전기차SOLACTIVE,10190.0
426,코리아써키트,14600.0
427,한국토지신탁,1362.0
428,대한제강,13940.0
429,세진중공업,6010.0
430,이아이디,1392.0
431,퍼시스,29500.0
432,엘브이엠씨홀딩스,1968.0
433,광동제약,6430.0
434,아이마켓코리아,10080.0
435,농심홀딩스,72600.0
436,한미글로벌,30700.0
437,에이프로젠,1320.0
438,조일알미늄,2640.0
439,한일현대시멘트,17280.0
440,SNT다이내믹스,10040.0
441,대신증권우,12820.0
442,한화3우B,14740.0
443,SK증권,700.0
444,이리츠코크렙,5220.0
445,일양약품,17300.0
446,KISCO홀딩스,20400.0
447,흥아해운,1372.0
448,한화갤러리아,1692.0
449,스카이라이프,6850.0
450,서흥,28350.0
451,수산인더스트리,22800.0
452,이연제약,18000.0
453,삼진제약,23250.0
454,LG헬로비전,4160.0
455,효성화학,100900.0
456,아세아,147700.0
457,유진투자증권,3285.0
458,조광피혁,47750.0
459,에스엠벡셀,2850.0
460,대원제약,14430.0
461,방림,7460.0
462,TIGER Fn반도체TOP10,8190.0
463,TIGER 25-10 회사채(A+이상)액티브,50400.0
464,알루코,3465.0
465,HJ중공업,3735.0
466,아세아제지,34450.0
467,KEC,2125.0
468,DL건설,13920.0
469,CJ4우(전환),72500.0
470,신성통상,2120.0
471,대한제당,3390.0
472,모토닉,9210.0
473,지역난방공사,26150.0
474,TRUE KIS CD금리투자 ETN,50245.0
475,환인제약,16120.0
476,일진전기,8080.0
477,한국쉘석유,229500.0
478,락앤락,5900.0
479,한진,19700.0
480,STX엔진,12760.0
481,세방,15170.0
482,도화엔지니어링,8610.0
483,일진다이아,20300.0
484,KODEX 은행,6015.0
485,대원강업,4615.0
486,경방,10400.0
487,한국철강,6670.0
488,제일약품,19230.0
489,현대차증권,8890.0
490,대한방직,52800.0
491,SNT홀딩스,17120.0
492,롯데하이마트,11810.0
493,GS글로벌,3365.0
494,자이에스앤디,7160.0
495,SOL 종합채권(AA-이상)액티브,101835.0
496,대동,11520.0
497,KBSTAR Fn수소경제테마,10095.0
498,삼익THK,13090.0
499,백광산업,6070.0
500,유니퀘스트,10000.0
501,일신방직,11630.0
502,삼양패키징,17100.0
503,한국콜마홀딩스,14520.0
504,KODEX 코스피,25675.0
505,TIGER 중장기국채,49155.0
506,BYC,431000.0
507,코오롱글로벌,14210.0
508,AK홀딩스,20300.0
509,에이프로젠바이오로직스,403.0
510,대상홀딩스,7400.0
511,TIGER 미국S&P500선물(H),48485.0
512,덕양산업,8200.0
513,한솔제지,11200.0
514,광주신세계,33500.0
515,만호제강,64000.0
516,TIGER 리츠부동산인프라,4700.0
517,포스코스틸리온,43950.0
518,미래에셋 레버리지 원유선물혼합 ETN(H),6415.0
519,케이씨,19350.0
520,KODEX ESG종합채권(A-이상)액티브,103970.0
521,사조대림,28500.0
522,KBSTAR 미국나스닥100,13745.0
523,현대차3우B,108500.0
524,하나제약,14610.0
525,STX,8400.0
526,한농화성,16540.0
527,경동인베스트,109300.0
528,한전산업,7890.0
529,키다리스튜디오,6940.0
530,KBSTAR KIS국고채30년Enhanced,70335.0
531,신세계 I&C,14830.0
532,종근당홀딩스,50800.0
533,코오롱,20100.0
534,동화약품,9050.0
535,동양,1056.0
536,JW홀딩스,3450.0
537,현대코퍼레이션,18900.0
538,삼영무역,13490.0
539,아주스틸,9400.0
540,다올투자증권,4070.0
541,HLB글로벌,5810.0
542,현대지에프홀딩스,3845.0
543,와이투솔루션,1369.0
544,KBSTAR 미국S&P500,12250.0
545,한국금융지주우,41400.0
546,그린케미칼,10100.0
547,코오롱모빌리티그룹,3850.0
548,스틱인베스트먼트,5780.0
549,KODEX 미국채울트라30년선물(H),8745.0
550,대성에너지,8720.0
551,NPC,6530.0
552,대교,2805.0
553,대한제분,140400.0
554,테이팩스,50000.0
555,KODEX 미국달러SOFR금리액티브(합성),10335.0
556,신대양제지,5830.0
557,미원홀딩스,100200.0
558,금호건설,6290.0
559,세종공업,8350.0
560,에이블씨엔씨,8920.0
561,퍼스텍,4815.0
562,KODEX 국고채3년,57805.0
563,성신양회,9400.0
564,무림P&P,3695.0
565,동성케미컬,4625.0
566,한솔테크닉스,7150.0
567,KPX케미칼,47000.0
568,현대비앤지스틸,14990.0
569,일진홀딩스,4580.0
570,삼성출판사,22600.0
571,넥센,4200.0
572,KBSTAR ESG사회책임투자,10525.0
573,삼성 인버스 2X WTI원유 선물 ETN,150.0
574,서연,9540.0
575,교촌에프앤비,8950.0
576,하이트진로홀딩스,9620.0
577,태경산업,7620.0
578,TIGER 차이나CSI300,9740.0
579,SOL 200TR,11830.0
580,대덕,6470.0
581,이월드,1546.0
582,HDC랩스,8380.0
583,KODEX K-메타버스액티브,8880.0
584,KPX홀딩스,51200.0
585,ACE 단기통안채,101510.0
586,KODEX 골드선물(H),12685.0
587,LS네트웍스,2735.0
588,두산우,53700.0
589,디앤디플랫폼리츠,3330.0
590,TIGER 23-12 국공채액티브,204315.0
591,LS전선아시아,6970.0
592,큐로,922.0
593,부국증권,20400.0
594,S-Oil우,52500.0
595,화승인더,3815.0
596,금호석유우,69800.0
597,흥국화재,3275.0
598,삼부토건,1063.0
599,디아이씨,5320.0
600,한독,15110.0
601,AJ네트웍스,4435.0
602,KBSTAR 200TR,17900.0
603,선진,8700.0
604,제일파마홀딩스,12900.0
605,사조산업,41000.0
606,KBSTAR 단기종합채권(AA-이상)액티브,104100.0
607,TIGER KRX BBIG K-뉴딜,6995.0
608,경농,10440.0
609,삼성전기우,70000.0
610,KODEX 23-12 국고채액티브,10210.0
611,삼영전자,10130.0
612,태림포장,2855.0
613,디아이,7100.0
614,CJ제일제당 우,151200.0
615,대창단조,6960.0
616,LG우,65700.0
617,예스코홀딩스,33000.0
618,경인양행,4755.0
619,JW생명과학,12460.0
620,신한서부티엔디리츠,3525.0
621,TIGER Fn메타버스,9140.0
622,유니온머티리얼,4590.0
623,TIGER 반도체,30100.0
624,한세예스24홀딩스,4815.0
625,대성산업,4250.0
626,KBSTAR 코스피,26075.0
627,KSS해운,8270.0
628,한국내화,4645.0
629,태경비케이,6910.0
630,한신기계,5870.0
631,동아지질,13550.0
632,NI스틸,6650.0
633,ACE 베트남VN30(합성),17490.0
634,우진,9230.0
635,코람코더원리츠,4625.0
636,삼성제약,2770.0
637,삼화전기,28000.0
638,진흥기업,1272.0
639,백산,8010.0
640,KBSTAR IT플러스,17605.0
641,KODEX 미국나스닥100레버리지(합성 H),6025.0
642,KOSEF 인도Nifty50(합성),18915.0
643,진양홀딩스,3210.0
644,삼화페인트,6570.0
645,HANARO MSCI Korea TR,14165.0
646,DB금융투자,4175.0
647,이지스밸류리츠,4815.0
648,유수홀딩스,6750.0
649,노루페인트,8770.0
650,경보제약,7350.0
651,NH투자증권우,9270.0
652,SNT에너지,23200.0
653,해태제과식품,5970.0
654,TIGER 차이나과창판STAR50(합성),7880.0
655,한국패러랠,2165.0
656,TIGER 헬스케어,27515.0
657,KOSEF 단기자금,102730.0
658,무학,5920.0
659,제이에스코퍼레이션,12650.0
660,TIGER 여행레저,3940.0
661,신라교역,10480.0
662,신세계푸드,42950.0
663,아남전자,2155.0
664,한국주철관,7280.0
665,KBSTAR iSelect메타버스,7780.0
666,현대리바트,8030.0
667,ARIRANG 국고채30년액티브,96525.0
668,동아타이어,11940.0
669,HDC현대EP,5140.0
670,ACE 중국본토CSI300,26205.0
671,ACE 23-12 회사채(AA-이상)액티브,103585.0
672,삼성물산우B,99700.0
673,SOL 미국배당다우존스,9250.0
674,강남제비스코,24900.0
675,태경케미컬,13940.0
676,아모레G3우(전환),22750.0
677,휴비스,4665.0
678,동부건설,7020.0
679,이구산업,4795.0
680,ARIRANG 고배당주,11350.0
681,KODEX 장기종합채권(AA-이상)액티브KAP,88705.0
682,TIGER 글로벌4차산업혁신기술(합성 H),15230.0
683,삼영,4685.0
684,삼성 인버스 2X 코스닥150 선물 ETN,10605.0
685,다이나믹디자인,9270.0
686,TIGER 글로벌메타버스액티브,7015.0
687,디씨엠,13810.0
688,HANARO 200TR,41390.0
689,KODEX TRF3070,11355.0
690,태영건설,4000.0
691,동성제약,5960.0
692,금강공업,5300.0
693,삼양통상,51700.0
694,인스코비,1377.0
695,아시아나IDT,13840.0
696,디와이,5830.0
697,용평리조트,3180.0
698,현대약품,4780.0
699,KTcs,3570.0
700,광전자,2630.0
701,금호에이치티,775.0
702,NH올원리츠,3595.0
703,대영포장,1398.0
704,컨버즈,4100.0
705,대한화섬,113200.0
706,신원,1465.0
707,인지컨트롤스,9490.0
708,계룡건설,16740.0
709,샘표,51800.0
710,벽산,2170.0
711,STX중공업,5190.0
712,KODEX 차이나항셍테크,5665.0
713,효성ITX,12770.0
714,SK이노베이션우,116900.0
715,신일전자,2050.0
716,신한 인버스0.5X S&P500 VIX S/T선물 ETN,24260.0
717,수산중공업,2695.0
718,종근당바이오,26500.0
719,삼성 레버리지 천연가스 선물 ETN B,1710.0
720,미원화학,65000.0
721,사조동아원,1005.0
722,디와이파워,12830.0
723,세아특수강,16500.0
724,KODEX 미국S&P500선물(H),19895.0
725,KB 블룸버그 인버스2X 천연가스선물 ETN(H),56455.0
726,ARIRANG 코스피TR,13345.0
727,TIGER 24-04 회사채(A+이상)액티브,50365.0
728,대양금속,4025.0
729,신흥,14790.0
730,미래에셋 S&P -2X 천연가스 선물 ETN(H),56160.0
731,성창기업지주,2010.0
732,동남합성,40050.0
733,신한 블룸버그 -2X 천연가스 선물 ETN(H),56050.0
734,씨티알모빌리티,16260.0
735,TIGER 투자등급회사채액티브,103880.0
736,황금에스티,8160.0
737,유화증권,2420.0
738,팜스코,3710.0
739,노루홀딩스,10240.0
740,TIGER 현대차그룹+펀더멘털,24105.0
741,SOL 2차전지소부장Fn,8235.0
742,KODEX 삼성그룹밸류,9045.0
743,키움 INDXX 미국테크탑10 ETN,13410.0
744,삼원강재,3345.0
745,한국석유,10530.0
746,한국수출포장,3340.0
747,TIGER 종합채권(AA-이상)액티브,50255.0
748,대창,1455.0
749,TIGER 미국MSCI리츠(합성 H),11705.0
750,일동홀딩스,11450.0
751,한컴라이프케어,4770.0
752,KODEX 배당가치,12090.0
753,한솔홀딩스,3125.0
754,샘표식품,28600.0
755,유니켐,1540.0
756,TRUE 코스피 양매도 5% OTM ETN,8650.0
757,두올,3920.0
758,대원화성,3130.0
759,TIGER 코스피,26010.0
760,극동유화,3680.0
761,동양철관,1079.0
762,한국특강,2105.0
763,경동도시가스,21500.0
764,KODEX 국채선물10년,64485.0
765,KCTC,4200.0
766,한국공항,39750.0
767,CJ씨푸드,3490.0
768,ACE 24-12 회사채(AA-이상)액티브,105620.0
769,조흥,208500.0
770,미래에셋 코스피 양매도 5% OTM ETN,8340.0
771,조선선재,99100.0
772,토니모리,5150.0
773,KBSTAR 코스닥150,12505.0
774,TIGER 미국채10년선물,11900.0
775,삼화전자,10180.0
776,KTOP K200액티브,10390.0
777,미창석유,70400.0
778,대신증권2우B,12200.0
779,TRUE 레버리지 나스닥 100 ETN,24350.0
780,미래산업,26550.0
781,KC코트렐,3445.0
782,화승코퍼레이션,2415.0
783,두산퓨얼셀1우,9020.0
784,가온전선,18860.0
785,광명전기,2745.0
786,ARIRANG KOFR금리,100635.0
787,성안,1935.0
788,일성건설,2185.0
789,한국무브넥스,3870.0
790,KODEX 미국나스닥100선물(H),17035.0
791,미래에셋 인버스 2X 코스닥150 선물 ETN,10625.0
792,TIGER 200선물인버스2X,2780.0
793,KBSTAR 2차전지액티브,11755.0
794,웅진,1450.0
795,인천도시가스,26450.0
796,KTis,3320.0
797,한국화장품,7190.0
798,CJ우,51100.0
799,TIGER 미디어컨텐츠,7840.0
800,세이브존I&C,2800.0
801,한양증권,9020.0
802,한국화장품제조,25250.0
803,ACE 미국30년국채액티브(H),9610.0
804,KODEX 바이오,7980.0
805,유니온,7270.0
806,삼일제약,7460.0
807,삼익악기,1229.0
808,대유플러스,915.0
809,KBSTAR 25-11 회사채(AA-이상)액티브,52850.0
810,동방,2300.0
811,이지스레지던스리츠,3890.0
812,한진중공업홀딩스,3735.0
813,크라운제과,8790.0
814,KODEX 차이나CSI300,12110.0
815,KODEX 국고채30년액티브,99830.0
816,TIGER 중국소비테마,6835.0
817,TRUE 레버리지 S&P500 선물 ETN(H),21570.0
818,무림페이퍼,2565.0
819,SG세계물산,526.0
820,TRUE 인버스 2X 코스닥 150 선물 ETN,10640.0
821,지엠비코리아,5550.0
822,삼성 레버리지 천연가스 선물 ETN C,21145.0
823,TRUE 블룸버그 인버스 2X 천연가스선물 ETN,52710.0
824,제일연마,10530.0
825,에이플러스에셋,4585.0
826,웰바이오텍,1495.0
827,금비,103500.0
828,KBSTAR 코스닥150선물레버리지,10725.0
829,히어로즈 단기채권ESG액티브,102410.0
830,현대코퍼레이션홀딩스,11340.0
831,KODEX 인도Nifty50,10315.0
832,지투알,6220.0
833,모나리자,2815.0
834,TIGER 코스닥150,12925.0
835,플레이그램,809.0
836,DRB동일,5130.0
837,엔에이치스팩19호,9940.0
838,콤텍시스템,842.0
839,인팩,10190.0
840,대구백화점,9410.0
841,화성산업,9950.0
842,ACE 국고채10년,87895.0
843,유유제약,5860.0
844,보락,1680.0
845,메리츠 KIS CD금리투자 ETN,50255.0
846,QV KIS CD금리투자 ETN,50245.0
847,일신석재,1294.0
848,대현,2260.0
849,기신정기,3425.0
850,깨끗한나라,2680.0
851,미래에셋글로벌리츠,3430.0
852,신영와코루,11030.0
853,HANARO 200 TOP10,8445.0
854,삼성공조,12060.0
855,고려산업,3925.0
856,한세엠케이,3220.0
857,팜젠사이언스,6110.0
858,유니드비티플러스,9000.0
859,HL D&I,2520.0
860,크라운해태홀딩스,6340.0
861,KBSTAR 비메모리반도체액티브,8965.0
862,사조씨푸드,5420.0
863,휴니드,6590.0
864,TIGER 국고채30년스트립액티브,47100.0
865,마니커,1454.0
866,TIGER KRX바이오K-뉴딜,6130.0
867,삼호개발,3690.0
868,국제약품,4345.0
869,남광토건,9350.0
870,대호에이엘,1634.0
871,평화산업,1666.0
872,KODEX 미국달러선물,12135.0
873,동방아그로,6710.0
874,동일고무벨트,6560.0
875,한화솔루션우,35300.0
876,대동전자,8590.0
877,한신공영,7760.0
878,신한 S&P500 VIX S/T 선물 ETN D,14925.0
879,한일철강,3345.0
880,명문제약,2630.0
881,조광페인트,6970.0
882,대원전선,1236.0
883,텔코웨어,9160.0
884,다스코,4580.0
885,진양산업,6830.0
886,마스턴프리미어리츠,3340.0
887,SH에너지화학,797.0
888,KODEX 미국메타버스나스닥액티브,7575.0
889,새론오토모티브,4555.0
890,화승알앤에이,4580.0
891,에이엔피,1940.0
892,화천기공,39000.0
893,TIGER 미국S&P500TR(H),10330.0
894,세원정공,8550.0
895,신한 인버스 2X WTI원유 선물 ETN(H),135.0
896,SJM,5440.0
897,TIGER 미국다우존스30,22180.0
898,SK우,149400.0
899,대우부품,1775.0
900,유성기업,3255.0
901,코스맥스비티아이,8790.0
902,KH 필룩스,442.0
903,상상인증권,775.0
904,한솔홈데코,1042.0
905,조비,16160.0
906,KODEX 미국달러선물인버스2X,6575.0
907,NH프라임리츠,4485.0
908,보해양조,598.0
909,KBSTAR Fn5G테크,8075.0
910,KC그린홀딩스,3705.0
911,대유에이텍,712.0
912,신송홀딩스,6970.0
913,오리엔트바이오,695.0
914,화천기계,3735.0
915,이건산업,7490.0
916,혜인,6430.0
917,인디에프,1154.0
918,ACE G2전기차&자율주행액티브,8790.0
919,범양건영,3250.0
920,써니전자,2310.0
921,한창제지,1348.0
922,씨아이테크,1625.0
923,TIGER 200선물레버리지,12505.0
924,DSR,5000.0
925,KODEX 미국반도체MV,12280.0
926,하이스틸,3925.0
927,신한 레버리지 코스닥 150 선물 ETN,31590.0
928,KODEX WTI원유선물(H),13090.0
929,두산2우B,88300.0
930,솔루스첨단소재1우,9300.0
931,서울식품,209.0
932,케이비아이동국실업,724.0
933,아모레G우,12130.0
934,까뮤이앤씨,1730.0
935,인터지스,2625.0
936,TIGER 소프트웨어,9250.0
937,사조오양,8260.0
938,부산산업,73500.0
939,영보화학,3875.0
940,한솔로지스틱스,2820.0
941,KODEX 은선물(H),4580.0
942,세하,1344.0
943,상신브레이크,3600.0
944,우성,25000.0
945,남성,2130.0
946,천일고속,53800.0
947,태양금속,2090.0
948,화인베스틸,2575.0
949,호전실업,7850.0
950,ARIRANG 신흥국MSCI(합성 H),8945.0
951,서원,1607.0
952,에쓰씨엔지니어링,2420.0
953,삼화왕관,35050.0
954,신한 레버리지 은 선물 ETN(H),7545.0
955,시디즈,37600.0
956,엔케이,939.0
957,SJM홀딩스,5020.0
958,한익스프레스,6240.0
959,KODEX 미국종합채권SRI액티브(H),96570.0
960,태평양물산,1529.0
961,DSR제강,5140.0
962,부국철강,3700.0
963,영흥,730.0
964,한국종합기술,6750.0
965,미래에셋맵스리츠,3670.0
966,핸즈코퍼레이션,3345.0
967,신세계건설,18280.0
968,문배철강,3555.0
969,덕성,4630.0
970,KODEX 200IT TR,11975.0
971,TRUE S&P500 선물 ETN,14270.0
972,쌍방울,271.0
973,우진플라임,3555.0
974,KODEX 한국대만IT프리미어,18210.0
975,SK케미칼우,33550.0
976,ACE KRX금현물,12025.0
977,TIGER 국채3년,107090.0
978,TRUE 나스닥 100 ETN,13990.0
979,성보화학,3490.0
980,TIGER 미국필라델피아반도체레버리지(합성),10825.0
981,비상교육,5330.0
982,TIGER 미국나스닥100커버드콜(합성),10260.0
983,CS홀딩스,59400.0
984,KBSTAR 단기국공채액티브,105175.0
985,TIGER 경기방어,8780.0
986,티에이치엔,3800.0
987,티웨이홀딩스,620.0
988,KR모터스,704.0
989,SG글로벌,1504.0
990,TIGER 인도니프티50,10165.0
991,KBSTAR 중국본토대형주CSI100,17630.0
992,코오롱인더우,24100.0
993,삼일씨엔에스,5220.0
994,KODEX Fn Top10동일가중,8040.0
995,SOL 국고채10년,104505.0
996,인바이오젠,467.0
997,아센디오,776.0
998,일진디스플,1270.0
999,ACE 미국WideMoat가치주,20430.0
1000,국동,1140.0
1001,KODEX 헬스케어,12100.0
1002,TIGER 차이나전기차레버리지(합성),10345.0
1003,TIGER 200 중공업,3230.0
1004,신풍제약우,29550.0
1005,동양피스톤,4925.0
1006,삼정펄프,25900.0
1007,우신시스템,3535.0
1008,이화산업,23100.0
1009,계양전기,2370.0
1010,KBSTAR 고배당,11605.0
1011,KODEX 차이나2차전지MSCI(합성),7850.0
1012,KBSTAR 미국단기투자등급회사채액티브,10250.0
1013,TIGER 미국S&P500레버리지(합성 H),26000.0
1014,갤럭시아에스엠,2320.0
1015,유한양행우,54100.0
1016,TIGER 화장품,2230.0
1017,KODEX Fn성장,14120.0
1018,메타랩스,2540.0
1019,신한 WTI원유 선물 ETN(H),6285.0
1020,HANARO e커머스,11485.0
1021,미래에셋 레버리지 코스닥150 선물 ETN,31200.0
1022,GS우,34950.0
1023,모나미,3300.0
1024,KBSTAR 중기우량회사채,104415.0
1025,ARIRANG 미국S&P500(H),17475.0
1026,TIGER 차이나HSCEI,9225.0
1027,한창,766.0
1028,영화금속,1139.0
1029,국보,570.0
1030,TIGER 차이나CSI300레버리지(합성),19710.0
1031,미래에셋 전기전자 Core5 ETN,30045.0
1032,히어로즈 종합채권(AA-이상)액티브,99985.0
1033,미래에셋 -0.5X S&P500 VIX S/T선물 ETN(H),23790.0
1034,KB Wise 분할매매 ETN,9890.0
1035,ACE 미국고배당S&P,10220.0
1036,TIGER 200 건설,3105.0
1037,KODEX 차이나H레버리지(H),2000.0
1038,IHQ,239.0
1039,평화홀딩스,3945.0
1040,KODEX 200미국채혼합,12425.0
1041,미래에셋증권우,4040.0
1042,TIMEFOLIO Kstock액티브,8730.0
1043,메리츠 블룸버그 -2X 천연가스 선물 ETN(H),56470.0
1044,KBSTAR 금융채액티브,101900.0
1045,전방,33550.0
1046,하나 블룸버그 -2X 천연가스 선물 ETN(H),56225.0
1047,진양폴리,5620.0
1048,부국증권우,18700.0
1049,키움 미국달러선물 ETN,11205.0
1050,대림B&Co,3360.0
1051,MH에탄올,7580.0
1052,삼성 블룸버그 인버스 2X WTI원유 선물 ETN,22325.0
1053,TIGER 유로스탁스50(합성 H),15470.0
1054,유엔젤,4195.0
1055,ACE 글로벌반도체TOP4 Plus SOLACTIVE,13435.0
1056,HANARO 글로벌럭셔리S&P(합성),19590.0
1057,KODEX Fn시스템반도체,8455.0
1058,KBSTAR Fn컨택트대표,8420.0
1059,세원이앤씨,254.0
1060,동원금속,1163.0
1061,선도전기,3000.0
1062,현대건설우,51100.0
1063,대신 인버스 천연가스 선물 ETN(H),6720.0
1064,DL이앤씨2우(전환),25400.0
1065,TIGER 테슬라채권혼합Fn,10290.0
1066,원림,23050.0
1067,HANARO 32-10 국고채액티브,52795.0
1068,QV 코스닥 150 ETN,13160.0
1069,진양화학,3330.0
1070,대신 S&P 인버스 2X 천연가스 선물 ETN,52470.0
1071,미래에셋 레버리지 코스피200 선물 ETN,26220.0
1072,롯데칠성우,67600.0
1073,KODEX K-로봇액티브,12920.0
1074,키움 코스피 200 ETN,10220.0
1075,TIGER 차이나바이오테크SOLACTIVE,7045.0
1076,대림통상,3350.0
1077,KODEX 아시아달러채권SRI플러스액티브,51510.0
1078,미래에셋 인버스 2X 원유선물혼합 ETN(H),20320.0
1079,TIGER 코스닥150 레버리지,11030.0
1080,남양유업우,303000.0
1081,KB 인버스 천연가스 선물 ETN,11210.0
1082,TIGER 미국달러SOFR금리액티브(합성),49960.0
1083,QV 레버리지 S&P500 ETN,24875.0
1084,TIGER KEDI혁신기업ESG30,10245.0
1085,KODEX 철강,8755.0
1086,한국전자홀딩스,1059.0
1087,SOL 반도체소부장Fn,10305.0
1088,더메디팜,556.0
1089,페이퍼코리아,1026.0
1090,케이탑리츠,1014.0
1091,DL우,28550.0
1092,TIGER 글로벌BBIG액티브,10660.0
1093,KODEX 차이나H,16210.0
1094,청호ICT,2490.0
1095,TIGER 인버스,5135.0
1096,동일제강,2325.0
1097,ACE 단기채권알파액티브,102615.0
1098,에셋플러스 글로벌플랫폼액티브,6325.0
1099,세기상사,8370.0
1100,HANARO Fn K-뉴딜디지털플러스,9305.0
1101,KODEX 코스피TR,12235.0
1102,미래아이앤지,1667.0
1103,주연테크,785.0
1104,한국ANKOR유전,663.0
1105,TIGER 글로벌클라우드컴퓨팅INDXX,8470.0
1106,TIGER 미국나스닥100TR(H),11600.0
1107,KODEX 미국달러선물인버스,8520.0
1108,동양고속,15970.0
1109,TRUE 인버스 2X 나스닥 100 ETN,1535.0
1110,WISCOM,3000.0
1111,ARIRANG ESG가치주액티브,7865.0
1112,세우글로벌,1584.0
1113,SOL 미국S&P500,11655.0
1114,KODEX 미국S&P500배당귀족커버드콜(합성 H),9275.0
1115,KODEX 건설,3410.0
1116,ACE 인도네시아MSCI(합성),10840.0
1117,TRUE 블룸버그 인버스 2X WTI원유 선물 ETN,22220.0
1118,KOSEF 통안채1년,102920.0
1119,DL이앤씨우,20900.0
1120,키움 코스닥 150 ETN,11035.0
1121,바다로19호,2890.0
1122,삼성 코스닥 150 ETN,8780.0
1123,우진아이엔에스,5750.0
1124,성문전자,1991.0
1125,호텔신라우,57600.0
1126,HANARO 단기채권액티브,103190.0
1127,TIGER 레버리지,15920.0
1128,삼성 코스피 200 ETN,8575.0
1129,유화증권우,2440.0
1130,TRUE 코스피 200 ETN,8525.0
1131,파워 200,33580.0
1132,SOL KIS단기통안채,103545.0
1133,태원물산,5500.0
1134,형지엘리트,1341.0
1135,KODEX K-신재생에너지액티브,13240.0
1136,비비안,1391.0
1137,경인전자,26350.0
1138,KODEX 차이나과창판STAR50(합성),8095.0
1139,KODEX 증권,6010.0
1140,TIGER 퓨처모빌리티액티브,10855.0
1141,윌비스,605.0
1142,삼성 미국 대형 성장주 ETN,20310.0
1143,TIGER KRX인터넷K-뉴딜,4190.0
1144,ACE 삼성그룹섹터가중,15535.0
1145,삼성 레버리지 나스닥 100 ETN(H),10050.0
1146,신한 레버리지 금 선물 ETN,19990.0
1147,SK디스커버리우,29200.0
1148,TBH글로벌,1899.0
1149,동원수산,8480.0
1150,KOSEF 국고채3년,108825.0
1151,TRUE 코스피 양매도 3% OTM ETN,7790.0
1152,KB 레버리지 S&P 500 선물 ETN(H),9710.0
1153,에넥스,646.0
1154,부산주공,486.0
1155,TIGER 미국나스닥바이오,20295.0
1156,미래에셋 KRX금현물 Auto-KO-C 2312-01 ETN,12710.0
1157,한국주강,3360.0
1158,이스타코,883.0
1159,참엔지니어링,642.0
1160,대신 인버스 2X 알루미늄 선물 ETN(H),37760.0
1161,신한 레버리지 S&P500 선물 ETN,18820.0
1162,삼성 레버리지 은 선물 ETN(H),12530.0
1163,KODEX 미국배당프리미엄액티브,10080.0
1164,SOL 200 Top10,8650.0
1165,KBSTAR 게임테마,10730.0
1166,KB 레버리지 나스닥 100 ETN,12330.0
1167,SHD,30250.0
1168,KB 천연가스 선물 ETN(H),7330.0
1169,한성기업,5840.0
1170,신풍,1023.0
1171,체시스,1116.0
1172,ARIRANG K방산Fn,11665.0
1173,KODEX 미디어&엔터테인먼트,14195.0
1174,삼성 미국 대형 가치주 ETN,17630.0
1175,KODEX IT,17625.0
1176,진도,2830.0
1177,KOSEF 미국달러선물,14425.0
1178,SUN&L,2780.0
1179,KODEX 차이나심천ChiNext(합성),10105.0
1180,삼성 미국 대형 성장주 ETN(H),17470.0
1181,QV S&P500 버퍼10% 9월 ETN,11590.0
1182,유안타증권우,2680.0
1183,KODEX 미국달러선물레버리지,12905.0
1184,QV 코스피 200 ETN,34075.0
1185,대신343 K200,33640.0
1186,카프로,841.0
1187,두산퓨얼셀2우B,11230.0
1188,HANARO 200선물레버리지,18110.0
1189,삼성 레버리지 China A50 선물 ETN(H),33150.0
1190,대교우B,1704.0
1191,신한 구리 선물 ETN(H),16360.0
1192,KODEX KRX기후변화솔루션,11670.0
1193,하나 Solactive 2X US Tech Top 10 ETN(H),32585.0
1194,TIGER 200 헬스케어,16620.0
1195,KOSEF 릭소글로벌퓨처모빌리티MSCI,9520.0
1196,BYC우,149900.0
1197,TIGER 차이나클린에너지SOLACTIVE,7830.0
1198,롯데지주우,39950.0
1199,삼성 레버리지 금 선물 ETN(H),32100.0
1200,제이준코스메틱,7090.0
1201,신한 레버리지 다우존스지수 선물 ETN(H),31725.0
1202,대신 레버리지 코스닥 150 선물 ETN,31705.0
1203,KODEX 유럽탄소배출권선물ICE(H),13725.0
1204,금호전기,949.0
1205,TRUE 레버리지 코스닥 150 선물 ETN,31525.0
1206,TIGER 미국나스닥100레버리지(합성),10660.0
1207,하나 레버리지 코스닥150 선물 ETN,31430.0
1208,삼성 레버리지 코스닥150 선물 ETN,31370.0
1209,KODEX 200ESG,12060.0
1210,KODEX 인도Nifty50레버리지(합성),10450.0
1211,TIGER 골드선물(H),13605.0
1212,대한항공우,28100.0
1213,KODEX 미국채10년선물,11550.0
1214,TIGER 200IT레버리지,38895.0
1215,TIGER S&P글로벌헬스케어(합성),20455.0
1216,삼성 China A50 선물 ETN(H),15485.0
1217,ACE 국고채3년,103185.0
1218,ACE 중장기국공채액티브,98555.0
1219,KODEX WTI원유선물인버스(H),5155.0
1220,KBSTAR 중장기국공채액티브,101630.0
1221,삼성 미국 대형 가치주 ETN(H),15190.0
1222,KODEX 차이나A50,18980.0
1223,TIGER 리츠부동산인프라채권TR KIS,4900.0
1224,미래에셋 중국 심천 100 ETN,15030.0
1225,메리츠 KAP 통안채 3개월 ETN,50035.0
1226,메리츠 KAP 통안채 6개월 ETN,50025.0
1227,TIGER 원유선물Enhanced(H),3975.0
1228,ACE 200TR,21250.0
1229,QV S&P500 VIX S/T 선물 ETN D,14870.0
1230,미래에셋 에너지화학 Core5 ETN,14745.0
1231,신한 금 선물 ETN(H),14645.0
1232,삼성 KRX 금현물 ETN,14640.0
1233,한솔PNS,1428.0
1234,KODEX 유럽명품TOP10 STOXX,9735.0
1235,모두투어리츠,3725.0
1236,세방우,7890.0
1237,메리츠 3X 레버리지 국채30년 ETN,48425.0
1238,미래에셋 인버스 2X 코스피200 선물 ETN,14500.0
1239,TIGER 미국달러선물인버스2X,6565.0
1240,KODEX K-미래차액티브,9960.0
1241,ARIRANG 미국장기우량회사채,86810.0
1242,신한 레버리지 미국달러 선물 ETN,14340.0
1243,ARIRANG 미국나스닥테크,22915.0
1244,KODEX 고배당,8920.0
1245,KBSTAR 내수주플러스,7950.0
1246,QV 블룸버그 -2X 천연가스 선물 ETN(H),56480.0
1247,KBSTAR 미국S&P원유생산기업(합성 H),5560.0
1248,HANARO Fn전기&수소차,9190.0
1249,SOL 미국배당다우존스(H),10005.0
1250,KODEX KRX300,15545.0
1251,삼성 블룸버그 레버리지 WTI원유 선물 ETN,11170.0
1252,TIGER 200TR,18515.0
1253,TIGER 인도니프티50레버리지(합성),26135.0
1254,TIGER KRX기후변화솔루션,11785.0
1255,SOL 미국S&P500ESG,11050.0
1256,TRUE 블룸버그 레버리지 천연가스 선물 ETN,1380.0
1257,하나 레버리지 콩 선물 ETN(H),27190.0
1258,ACE 미국달러SOFR금리(합성),10065.0
1259,TIGER 미국S&P500배당귀족,10430.0
1260,TIGER 삼성그룹펀더멘털,11100.0
1261,ACE 미국친환경그린테마INDXX,9970.0
1262,HANARO Fn K-POP&미디어,10740.0
1263,KODEX 탄소효율그린뉴딜,8350.0
1264,신한 인버스 2X 코스닥 150 선물 ETN,10630.0
1265,KBSTAR 200선물인버스2X,2630.0
1266,삼성 인버스 2X 나스닥 100 ETN(H),5310.0
1267,녹십자홀딩스2우,30950.0
1268,TIGER Fn신재생에너지,9880.0
1269,SOL 글로벌탄소배출권선물IHS(합성),13085.0
1270,삼성 레버리지 코스피200 선물 ETN,26110.0
1271,신한 레버리지 코스피 200 선물 ETN,26090.0
1272,KODEX S&P글로벌인프라(합성),14485.0
1273,신한 콩 선물 ETN(H),12960.0
1274,미래에셋 원유선물혼합 ETN(H),25720.0
1275,KBSTAR 배터리 리사이클링iSelect,13940.0
1276,메리츠 미국채10년 ETN(H),8545.0
1277,KODEX 200롱코스닥150숏선물,9485.0
1278,KODEX 미국S&P500에너지(합성),12255.0
1279,하나 Solactive US Tech Top 10 ETN(H),12765.0
1280,TIGER 글로벌멀티에셋TIF액티브,9620.0
1281,신한 은 선물 ETN(H),12680.0
1282,TIGER 탄소효율그린뉴딜,8290.0
1283,TRUE 인버스 2X 베트남 VN30 선물 ETN(H),24800.0
1284,삼성 인버스 0.5X S&P500 VIX S/T선물 ETN,24765.0
1285,TRUE 인버스 2X 구리 선물 ETN,24660.0
1286,TRUE 레버리지 금 선물 ETN,24630.0
1287,KBSTAR 국고채3년,109080.0
1288,한화갤러리아우,8450.0
1289,ACE ESG액티브,7415.0
1290,TRUE 인버스 0.5X S&P500 VIX S/T 선물 ETN,24265.0
1291,대신 레버리지 KRX 금현물 ETN,24260.0
1292,신한 브렌트원유 선물 ETN(H),12090.0
1293,TIGER 코스닥150선물인버스,4345.0
1294,한화투자증권우,5010.0
1295,하이트론,2470.0
1296,KBSTAR 글로벌4차산업IT(합성 H),20635.0
1297,WOORI 대한민국국고채액티브,51270.0
1298,ARIRANG 미국단기우량회사채,110780.0
1299,하나 -0.5X S&P500 VIX S/T 선물 ETN(H),23245.0
1300,TIGER 구리실물,9870.0
1301,메리츠 레버리지 인플레이션 국채 ETN,11565.0
1302,미래에셋 레버리지 옥수수 선물 ETN,23050.0
1303,KODEX 글로벌로봇(합성),16925.0
1304,KODEX TRF5050,12680.0
1305,TIGER MKF배당귀족,10865.0
1306,미래에셋 인버스 코스피200 선물 ETN,11315.0
1307,신한 인버스 코스피 200 선물 ETN,11305.0
1308,TRUE 블룸버그 레버리지 WTI원유 선물 ETN,11245.0
1309,신한 블룸버그 인버스 2X WTI원유 선물 ETN,22285.0
1310,TRUE 레버리지 플래티넘 선물 ETN,22280.0
1311,KODEX TRF7030,13920.0
1312,하나 S&P 인버스 2X WTI원유 선물 ETN,22185.0
1313,KB S&P 인버스 2X WTI원유 선물 ETN,22150.0
1314,KODEX 삼성전자채권혼합Wise,10540.0
1315,신한 블룸버그 2X 천연가스 선물 ETN(H),1475.0
1316,KODEX 미국러셀2000(H),11330.0
1317,QV 블룸버그 -2X WTI원유선물 ETN,22090.0
1318,KB 블룸버그 레버리지 천연가스선물 ETN(H),1470.0
1319,코아스,713.0
1320,메리츠 인플레이션 국채 ETN,11000.0
1321,코오롱모빌리티그룹우,8920.0
1322,대덕전자1우,10410.0
1323,QV 레버리지 금 선물 ETN(H),21715.0
1324,미래에셋 미디어엔터 Core5 ETN,10845.0
1325,TIGER 차이나CSI300인버스(합성),8160.0
1326,ACE 미국30년국채선물레버리지(합성 H),8630.0
1327,ARIRANG 코스피50,23105.0
1328,메리츠 레버리지 국채30년 ETN,5365.0
1329,메리츠 인버스 2X 구리 선물 ETN(H),21275.0
1330,메리츠 레버리지 금 선물 ETN(H),21110.0
1331,KODEX 배당성장채권혼합,11720.0
1332,QV 인버스 레버리지 구리 선물 ETN(H),21090.0
1333,솔루스첨단소재2우B,11110.0
1334,하나 인버스 2X 구리 선물 ETN(H),20960.0
1335,메리츠 인버스 천연가스 선물 ETN(H),20840.0
1336,신한 인버스 2X 다우존스지수 선물 ETN(H),2070.0
1337,메리츠 블룸버그 인버스 2X WTI선물 ETN(H),20630.0
1338,KODEX 코스피대형주,12125.0
1339,대상우,15040.0
1340,신한 옥수수 선물 ETN(H),10290.0
1341,미래에셋 인버스 천연가스 선물 ETN(H),20510.0
1342,KBSTAR 국채선물5년추종인버스,54240.0
1343,메리츠 레버리지 미국채30년 ETN(H),6830.0
1344,신한 다우존스지수 선물 ETN(H),20425.0
1345,QV 인버스 미국 IT TOP5 ETN(H),10200.0
1346,KBSTAR 국고채3년선물인버스,105660.0
1347,하나 레버리지 옥수수 선물 ETN(H),20225.0
1348,대한제당우,3105.0
1349,TIGER TSMC밸류체인FACTSET,10305.0
1350,메리츠 KIS 통안채 1년 ETN,50015.0
1351,TIGER 차이나반도체FACTSET,6575.0
1352,신한 FnGuide 치킨 ETN,9970.0
1353,KODEX K-친환경선박액티브,9955.0
1354,메리츠 인버스 국채3년 ETN,9935.0
1355,키움 인버스 미국달러선물 ETN,9930.0
1356,LX하우시스우,19070.0
1357,TIGER KRX게임K-뉴딜,6130.0
1358,TIGER KRX2차전지K-뉴딜레버리지,8900.0
1359,신한 인버스 코스닥 150 선물 ETN,9740.0
1360,미래에셋 인버스 코스닥150 선물 ETN,9735.0
1361,KBSTAR 200선물레버리지,14965.0
1362,메리츠 레버리지 대표 농산물 선물 ETN(H),19415.0
1363,넥센타이어1우B,2985.0
1364,메리츠 국채10년 ETN,9680.0
1365,QV iSelect 글로벌 EMP ETN(H),9680.0
1366,TIGER 코스닥150바이오테크,7800.0
1367,삼성 인버스 2X 항셍테크 ETN(H),9665.0
1368,KBSTAR 미국S&P500(H),10720.0
1369,비케이탑스,904.0
1370,신한 K200 USD 선물 바이셀 ETN,9590.0
1371,TRUE 인버스 2X 금 선물 ETN,19175.0
1372,TIGER 미국나스닥100TR채권혼합Fn,10875.0
1373,HANARO 코스닥150,12630.0
1374,TIGER 농산물선물Enhanced(H),7000.0
1375,KB CSI 500 ETN,9445.0
1376,ACE 아시아TOP50S&P,12570.0
1377,KODEX 게임산업,8195.0
1378,KODEX 미국나스닥100(H),11395.0
1379,하이트진로2우B,16630.0
1380,KB CSI 300 ETN,9395.0
1381,QV 인버스 레버리지 WTI원유 선물 ETN(H),125.0
1382,TIGER 코스피고배당,13465.0
1383,코리아써우,6230.0
1384,삼성중공우,160000.0
1385,미래에셋 코스닥150 선물 ETN,9155.0
1386,TRUE 인버스 2X 은 선물 ETN,18305.0
1387,메리츠 미국 인플레이션 국채 ETN(H),9080.0
1388,미래에셋 인버스 2X 은 선물 ETN,18145.0
1389,에셋플러스 코리아플랫폼액티브,7250.0
1390,KODEX 코스피100,25750.0
1391,KODEX 에너지화학,17135.0
1392,KODEX 아시아반도체공급망exChina액티브,11195.0
1393,ACE 러시아MSCI(합성),9590.0
1394,ACE 코스닥150,12645.0
1395,KBSTAR 차이나HSCEI(H),7695.0
1396,QV 미국 IT TOP5 ETN(H),25230.0
1397,NPC우,3340.0
1398,신한 코스닥 150 ETN,8735.0
1399,TRUE 레버리지 은 선물 ETN,17410.0
1400,미래에셋 코스피200 선물 ETN,8655.0
1401,메리츠 인버스 2X 금 선물 ETN(H),17265.0
1402,TIGER 차이나항셍테크레버리지(합성 H),6860.0
1403,SOL 국고채3년,103100.0
1404,신한 코스피 200 ETN,8505.0
1405,KBSTAR 5대그룹주,6510.0
1406,삼양홀딩스우,55500.0
1407,KODEX 미국S&P500(H),10215.0
1408,미래에셋 인버스 2X 옥수수 선물 ETN,16830.0
1409,KOSEF 미국달러선물레버리지,12370.0
1410,TRUE 인버스 2X 유로스탁스50 ETN(H) B,16790.0
1411,신한 인버스 2X 구리 선물 ETN,3350.0
1412,미래에셋 레버리지 은 선물 ETN,16685.0
1413,KODEX TDF2050액티브,11120.0
1414,ACE 친환경자동차밸류체인액티브,11105.0
1415,에이리츠,3725.0
1416,마이티 다이나믹퀀트액티브,11465.0
1417,KBSTAR 200선물인버스,5870.0
1418,KBSTAR 대형고배당10TR,15650.0
1419,QV 인버스 레버리지 금 선물 ETN(H),16425.0
1420,코오롱우,15080.0
1421,TRUE FTSE100 ETN,16220.0
1422,신한 레버리지 구리 선물 ETN,16145.0
1423,KBSTAR 국채선물10년,51330.0
1424,HANARO Fn K-게임,5035.0
1425,코오롱글로벌우,21700.0
1426,TIGER 유로스탁스배당30,11460.0
1427,한화우,33400.0
1428,메리츠 인버스 2X 은 선물 ETN(H),15970.0
1429,KB 인버스 2X KOSDAQ 150 선물 ETN,10615.0
1430,TIGER 일본엔선물,9360.0
1431,신한 인버스 WTI원유 선물 ETN(H),3180.0
1432,LX홀딩스1우,10840.0
1433,KBSTAR 글로벌메타버스Moorgate,8815.0
1434,QV 인버스 레버리지 은 선물 ETN(H),15775.0
1435,메리츠 인버스 2X 국채30년 ETN,15760.0
1436,대신 밀 선물 ETN(H),7875.0
1437,FOCUS KRX300,15730.0
1438,KODEX 다우존스미국리츠(H),11195.0
1439,KB 레버리지 KOSDAQ 150 선물 ETN,31335.0
1440,메리츠 인버스 2X 대표 농산물 선물 ETN(H),15655.0
1441,TIGER LG그룹+펀더멘털,9290.0
1442,일정실업,12900.0
1443,HANARO Fn K-반도체,8340.0
1444,메리츠 미국레버리지 인플레이션국채ETN(H),7710.0
1445,TIGER 200 에너지화학,15700.0
1446,ACE 엔비디아채권혼합블룸버그,12810.0
1447,KODEX 배당성장,12785.0
1448,TIGER MSCI KOREA ESG리더스,8815.0
1449,삼성 인버스 2X 구리 선물 ETN(H),3065.0
1450,미래에셋 S&P 유럽탄소배출권 선물 ETN,15195.0
1451,KBSTAR 삼성그룹Top3채권혼합블룸버그,10125.0
1452,TIGER 200동일가중,10825.0
1453,메리츠 레버리지 은 선물 ETN(H),15120.0
1454,QV 레버리지 은 선물 ETN(H),15080.0
1455,KODEX 필수소비재,6825.0
1456,삼성 S&P500 VIX S/T 선물 ETN,14900.0
1457,KB 레버리지 항셍테크 선물 ETN(H) B,14780.0
1458,하나 인버스 2X 옥수수 선물 ETN(H),14750.0
1459,유유제약1우,6500.0
1460,TIGER K게임,9205.0
1461,ACE 일본Nikkei225(H),20950.0
1462,TRUE 레버리지 구리 선물 ETN,14635.0
1463,SOL 코스닥150,12395.0
1464,대신 철광석 선물 ETN(H) B,14615.0
1465,KODEX 200동일가중,10395.0
1466,신한 인버스 2X 코스피 200 선물 ETN,14545.0
1467,TIGER 단기선진하이일드(합성 H),12100.0
1468,삼성 인버스 2X 코스피200 선물 ETN,14515.0
1469,TIGER 미국달러선물레버리지,13115.0
1470,KODEX 200exTOP,11045.0
1471,메리츠 S&P 유럽탄소배출권 선물 ETN(H),14315.0
1472,TIMEFOLIO 이노베이션액티브,8415.0
1473,TRUE S&P 유럽탄소배출권 선물 ETN(H),14280.0
1474,ARIRANG ESG성장주액티브,7930.0
1475,신한 인버스 옥수수 선물 ETN(H),7135.0
1476,KODEX 보험,7510.0
1477,KBSTAR 채권혼합,59345.0
1478,TIGER AI코리아그로스액티브,11860.0
1479,신한 FnGuide 폐기물처리 ETN,7110.0
1480,KODEX 코스닥150롱코스피200숏선물,9480.0
1481,대신 S&P 인버스 WTI원유 선물 ETN,14205.0
1482,TRUE 인버스 2X 플래티넘 선물 ETN,14205.0
1483,KBSTAR 글로벌클린에너지S&P,9445.0
1484,KBSTAR V&S셀렉트밸류채권혼합,11710.0
1485,ARIRANG 선진국MSCI(합성 H),11055.0
1486,미래에셋 인버스 미디어엔터 Core5 ETN,13830.0
1487,TRUE S&P500 VIX S/T 선물 ETN(H),13745.0
1488,FOCUS ESG리더스,9800.0
1489,FOCUS AI코리아액티브,11385.0
1490,KOSEF 미국달러선물인버스2X,5780.0
1491,TRUE 레버리지 유로스탁스50 ETN(H) B,13560.0
1492,KB 인버스 2X 항셍테크 선물 ETN,13550.0
1493,메리츠 인버스 2X 미국채10년 ETN(H),13505.0
1494,KODEX 200가치저변동,9630.0
1495,ACE 글로벌메타버스테크액티브,7930.0
1496,대신 인버스 밀 선물 ETN(H),13480.0
1497,TIGER 원유선물인버스(H),3500.0
1498,ARIRANG 우주항공&UAM iSelect,10675.0
1499,한진칼우,24850.0
1500,TIGER 글로벌자원생산기업(합성 H),14810.0
1501,삼성 인버스 2X HSCEI ETN(H),13325.0
1502,ACE 미국다우존스리츠(합성 H),74000.0
1503,KODEX 미국S&P500산업재(합성),23200.0
1504,ACE 일본TOPIX레버리지(H),26610.0
1505,KBSTAR 헬스케어채권혼합,11060.0
1506,메리츠 레버리지 구리 선물 ETN(H),13250.0
1507,KOSEF 코스닥150,6280.0
1508,하나 레버리지 구리 선물 ETN(H),13185.0
1509,QV 레버리지 구리 선물 ETN(H),13140.0
1510,신한 인버스 콩 선물 ETN(H),6570.0
1511,BNK 주주가치액티브,11930.0
1512,티와이홀딩스우,10530.0
1513,KODEX 미국나스닥100선물인버스(H),10895.0
1514,KB 레버리지 KOSPI 200 선물 ETN,26105.0
1515,신한 FnGuide 메타버스 ETN,6495.0
1516,KB 인버스 2X 나스닥 100 ETN,6490.0
1517,신한 USD K200 선물 바이셀 ETN,6485.0
1518,메리츠 인버스 국채30년 ETN,12940.0
1519,메리츠 인버스 2X 미국채30년 ETN(H),12910.0
1520,삼성 레버리지 구리 선물 ETN(H),12870.0
1521,JW중외제약2우B,62500.0
1522,삼성 인버스 HSCEI ETN(H),12835.0
1523,KODEX KRX300레버리지,12800.0
1524,KOSEF 차이나A50커넥트MSCI,8990.0
1525,TRUE 금 선물 ETN,12575.0
1526,신한 인버스 금 선물 ETN(H),6285.0
1527,KODEX 미국클린에너지나스닥,8360.0
1528,VITA MZ소비액티브,8070.0
1529,삼성 인버스 항셍테크 ETN(H),12505.0
1530,KODEX 기계장비,6365.0
1531,ARIRANG 미국다우존스고배당주(합성 H),14660.0
1532,KODEX 운송,4425.0
1533,KODEX 최소변동성,10305.0
1534,TRUE 인버스 은 선물 ETN,12335.0
1535,KOSEF 미국S&P500,11200.0
1536,TIGER 200 철강소재,8540.0
1537,미래에셋 천연가스 선물 ETN(H),3070.0
1538,삼성 인버스 2X 은 선물 ETN(H),1220.0
1539,HANARO KOFR금리액티브(합성),100660.0
1540,신한 인버스 구리 선물 ETN(H),5990.0
1541,TRUE 인버스 플래티넘 선물 ETN,11965.0
1542,HANARO 글로벌탄소배출권선물ICE(합성),11940.0
1543,메리츠 인버스 미국채10년 ETN(H),11915.0
1544,KODEX 구리선물(H),6600.0
1545,KOSEF 고배당,8485.0
1546,신한 달러인덱스 선물 ETN(H),11855.0
1547,KODEX MSCI KOREA ESG유니버설,9850.0
1548,TRUE 인버스 베트남 VN30 선물 ETN(H),11815.0
1549,ARIRANG 고배당주채권혼합,10730.0
1550,TIMEFOLIO 탄소중립액티브,11730.0
1551,TIGER 일본TOPIX(합성 H),18320.0
1552,KODEX 3대농산물선물(H),10855.0
1553,KBSTAR 중국MSCI China(H),8075.0
1554,ACE 멕시코MSCI(합성),14635.0
1555,TIGER 우량가치,10840.0
1556,TIMEFOLIO Korea플러스배당액티브,10090.0
1557,TIGER 200 금융,6005.0
1558,하나 인버스 2X 콩 선물 ETN(H),11590.0
1559,태양금속우,3500.0
1560,메리츠 인버스 미국채30년 ETN(H),11545.0
1561,미래에셋 FnGuide 부산엑스포 추가수익 ETN,11420.0
1562,대덕1우,9410.0
1563,TRUE 인버스 금 선물 ETN,11350.0
1564,KODEX TDF2030액티브,10790.0
1565,TIGER 200커버드콜ATM,8685.0
1566,TRUE 인버스 HSCEI ETN(H) B,11285.0
1567,삼성 인버스 코스피 200 선물 ETN,11260.0
1568,KODEX Fn K-뉴딜디지털플러스,9370.0
1569,ARIRANG S&P글로벌인프라,14055.0
1570,QV 블룸버그 2X WTI원유선물 ETN,11190.0
1571,ARIRANG 우량회사채50 1년,111760.0
1572,신한 블룸버그 레버리지 WTI원유 선물 ETN,11175.0
1573,하나 S&P 레버리지 WTI원유 선물 ETN,11170.0
1574,파워 코스피100,25335.0
1575,메리츠 레버리지 국채5년 ETN,11110.0
1576,미래에셋 인도네시아 Top5 ETN,11055.0
1577,넥센우,3065.0
1578,메리츠 인버스 구리 선물 ETN(H),11025.0
1579,TRUE 레버리지 베트남 VN30 선물 ETN(H),11010.0
1580,TIGER KRX300,15710.0
1581,SOL KRX300,15710.0
1582,삼성 인버스 구리 선물 ETN(H),10985.0
1583,신한 인버스 Russell 2000 ETN,10960.0
1584,KODEX 미국S&P500경기소비재,10920.0
1585,JW중외제약우,32500.0
1586,메리츠 인버스 2X 국채10년 ETN,10890.0
1587,QV US 500 월간레버리지 ETN(H),21675.0
1588,KB 인버스 2X 구리 선물 ETN(H),21645.0
1589,삼성 금 선물 ETN(H),10805.0
1590,메리츠 금 선물 ETN(H),10785.0
1591,KB S&P 유럽탄소배출권 선물 ETN(H),10740.0
1592,KODEX 미국S&P500금융,10700.0
1593,하나 인버스 2X 코스닥150 선물 ETN,10660.0
1594,메리츠 인버스 국채10년 ETN,10655.0
1595,메리츠 국채5년 ETN,10655.0
1596,신한 인버스 2X 미국달러 선물 ETN,5320.0
1597,KODEX 일본TOPIX100,17730.0
1598,KODEX 미국S&P500필수소비재,10630.0
1599,KB 레버리지 금 선물 ETN(H),21255.0
1600,삼성 레버리지 항셍테크 ETN(H),1770.0
1601,대신 인버스 2X 코스닥 150 선물 ETN,10605.0
1602,메리츠 레버리지 국채3년 ETN,10575.0
1603,KODEX KTOP30,17625.0
1604,KTOP 코스피50,23495.0
1605,TIGER 배당성장,15970.0
1606,KB KRX ESG Eco ETN,10535.0
1607,KOSEF 물가채KIS,105070.0
1608,QV S&P500 버퍼10% 3월 ETN(H),10495.0
1609,KODEX 미국S&P500헬스케어,10480.0
1610,KOSEF 미국나스닥100(H),11645.0
1611,메리츠 대표 농산물 선물 ETN(H),10450.0
1612,삼양사우,28200.0
1613,에셋플러스 글로벌대장장이액티브,11090.0
1614,메리츠 국채3년 ETN,10395.0
1615,메리츠 블룸버그 레버리지 WTI선물 ETN(H),10370.0
1616,TIGER 한중전기차(합성),10910.0
1617,QV S&P500 버퍼10% 6월 ETN(H),10360.0
1618,KBSTAR KRX300,15935.0
1619,KB S&P 레버리지 WTI원유 선물 ETN(H),10340.0
1620,QV S&P500 버퍼10% 12월 ETN(H),10325.0
1621,TRUE FnGuide IoT ETN,10300.0
1622,ACE 골드선물 레버리지(합성 H),17095.0
1623,메리츠 3X 레버리지 국채3년 ETN,20505.0
1624,메리츠 3X 레버리지 국채5년 ETN,20470.0
1625,TRUE 은 선물 ETN,10215.0
1626,SOL 24-06 국고채액티브,101780.0
1627,ARIRANG 200선물인버스2X,5330.0
1628,KBSTAR 미국고정배당우선증권ICE TR,9630.0
1629,KB 레버리지 FANG 플러스 ETN(H),20200.0
1630,하나 iSelect-WG 탄소중립 ESG ETN,10100.0
1631,SK증권우,2575.0
1632,QV iSelect-WG 그린에너지 ESG ETN,10070.0
1633,TRUE 플래티넘 선물 ETN,10055.0
1634,KBSTAR 미국달러SOFR금리액티브(합성),10055.0
1635,메리츠 3X 레버리지 국채10년 ETN,20105.0
1636,대신 국채10년 ETN,10050.0
1637,ACE 싱가포르리츠,12550.0
1638,대신 인버스 국채10년 ETN,9985.0
1639,마이다스 KoreaStock액티브,19005.0
1640,성신양회우,13540.0
1641,KODEX 미국S&P바이오(합성),24500.0
1642,에셋플러스 코리아대장장이액티브,11020.0
1643,HANARO 탄소효율그린뉴딜,8260.0
1644,대신 3X 레버리지 국채10년 ETN,19790.0
1645,삼성 나스닥 100 ETN(H),9890.0
1646,메리츠 인버스 3X 국채3년 ETN,19775.0
1647,ACE 미국IT인터넷S&P(합성 H),12355.0
1648,삼성 인버스 China A50 선물 ETN(H),9860.0
1649,대신 인버스 3X 국채10년 ETN,19705.0
1650,메리츠 인버스 3X 국채10년 ETN,19645.0
1651,SOL 미국TOP5채권혼합40 Solactive,10870.0
1652,TIGER 유로스탁스레버리지(합성 H),9775.0
1653,메리츠 인버스 3X 국채5년 ETN,19550.0
1654,메리츠 인버스 은 선물 ETN(H),9765.0
1655,삼성 인버스 은 선물 ETN(H),9760.0
1656,TRUE 구리 선물 ETN,9750.0
1657,TIGER 글로벌사이버보안INDXX,9370.0
1658,삼성 인버스 코스닥 150 선물 ETN,9725.0
1659,KOSEF 국고채10년레버리지,107730.0
1660,메리츠 인버스 2X 국채3년 ETN,9690.0
1661,메리츠 인버스 국채5년 ETN,9690.0
1662,삼성 KRX 2차전지 K-뉴딜 ETN,9690.0
1663,하나 인버스 코스닥150 선물 ETN,9680.0
1664,KOSEF 블루칩,8040.0
1665,KODEX MSCI Korea,16000.0
1666,SOL 유럽탄소배출권선물S&P(H),13680.0
1667,메리츠 인버스 3X 국채30년 ETN,47795.0
1668,TIGER 한중반도체(합성),11210.0
1669,KB 인버스 2X S&P 500 선물 ETN,9525.0
1670,삼성 인버스 금 선물 ETN(H),9515.0
1671,메리츠 은 선물 ETN(H),9515.0
1672,KODEX Fn웹툰&드라마,5005.0
1673,KOSEF 미국달러선물인버스,8880.0
1674,TRUE 인버스 2X S&P500 선물 ETN(H),1900.0
1675,KODEX 혁신기술테마액티브,11875.0
1676,삼성 은 선물 ETN(H),9480.0
1677,KOSEF KRX100,5240.0
1678,신한 레버리지 Russell 2000 ETN,9395.0
1679,미래에셋 인버스 에너지화학 Core5 ETN,4670.0
1680,ARIRANG KRX300,15540.0
1681,미래에셋 인도네시아 금속&에너지 Top5 ETN,9275.0
1682,TIGER 은행,6240.0
1683,TRUE 인버스 유로스탁스50 ETN(H) C,9210.0
1684,메리츠 천연가스 선물 ETN(H),3070.0
1685,KBSTAR KRX300레버리지,13155.0
1686,메리츠 인버스 2X 국채5년 ETN,9195.0
1687,ACE 레버리지,6565.0
1688,KODEX 미국스마트모빌리티S&P,5730.0
1689,삼성 인버스 나스닥 100 ETN(H),9125.0
1690,ACE 미국달러단기채권액티브,10120.0
1691,TIGER 미국나스닥넥스트100,10710.0
1692,KB STAR 50 ETN,9080.0
1693,신한 인버스 은 선물 ETN(H),4535.0
1694,ARIRANG 200선물레버리지,30215.0
1695,메리츠 레버리지 국채10년 ETN,9060.0
1696,하나 코스닥150 선물 ETN,9050.0
1697,TIMEFOLIO K컬처액티브,8205.0
1698,KBSTAR 미국빅데이터Top3채권혼합iSelect,11245.0
1699,DB하이텍1우,79900.0
1700,KODEX 미국ETF산업Top10 Indxx,11185.0
1701,삼성 FnGuide 웹 3.0 ETN,8940.0
1702,FOCUS 혁신기업액티브,8100.0
1703,ACE 미국하이일드액티브(H),9885.0
1704,TREX 펀더멘탈 200,35435.0
1705,TRUE 블룸버그 인도네시아 대표원자재 ETN,8825.0
1706,신한 인버스 2X 은 선물 ETN(H),1765.0
1707,대신 2X 철광석 선물 ETN(H),8820.0
1708,ACE 글로벌브랜드TOP10블룸버그,11755.0
1709,대신 S&P500 VIX S/T 선물 ETN,8805.0
1710,TRUE 코스닥 150 ETN,8785.0
1711,메리츠 구리 선물 ETN(H),8735.0
1712,TIGER 우선주,11790.0
1713,ACE 원자력테마딥서치,10900.0
1714,TIGER S&P글로벌인프라(합성),12445.0
1715,KOSEF 미국S&P500(H),10880.0
1716,삼성 구리 선물 ETN(H),8690.0
1717,KB FnGuide 언택트 ETN,8685.0
1718,신한 인버스 달러인덱스 선물 ETN(H),8685.0
1719,TIMEFOLIO 미국나스닥100액티브,11730.0
1720,삼성 KRX 리츠 TOP10 월배당 ETN,8655.0
1721,SOL 차이나태양광CSI(합성),7210.0
1722,ARIRANG Apple채권혼합Fn,10800.0
1723,SOL 한국형글로벌반도체액티브,11065.0
1724,삼성 블룸버그 WTI원유 선물 ETN,8630.0
1725,TRUE 블룸버그 WTI원유 선물 ETN,8615.0
1726,HANARO 글로벌워터MSCI(합성),10760.0
1727,ARIRANG 고배당저변동50,10740.0
1728,KOSEF 200선물인버스2X,2645.0
1729,SOL 차이나육성산업액티브(합성),7780.0
1730,메리츠 미국채30년 ETN(H),8535.0
1731,TREX 200,33985.0
1732,HANARO KAP초장기국고채,37885.0
1733,ARIRANG 미국S&P500,10570.0
1734,메리츠 CSI 300 ETN,8450.0
1735,KB 인버스 2X 금 선물 ETN(H),16830.0
1736,일양약품우,18850.0
1737,신한 인버스 2X Russell 2000 ETN,8355.0
1738,삼성 코스피 양매도 5% OTM ETN,8345.0
1739,HANARO Fn조선해운,9245.0
1740,ACE 테슬라밸류체인액티브,10395.0
1741,크라운제과우,10750.0
1742,KBSTAR 미국장기국채선물(H),9205.0
1743,에셋플러스 글로벌영에이지액티브,11475.0
1744,ACE 미국나스닥100채권혼합액티브,10320.0
1745,TIGER 미국S&P500선물인버스(H),3825.0
1746,ARIRANG 국채선물10년,52180.0
1747,HANARO CAPEX설비투자iSelect,10140.0
1748,ACE 미국S&P500채권혼합액티브,10125.0
1749,TIMEFOLIO 미국S&P500액티브,11250.0
1750,히어로즈 TDF2050액티브,10790.0
1751,삼성 인버스 2X 금 선물 ETN(H),8090.0
1752,KBSTAR 글로벌수소경제Indxx,8495.0
1753,KOSEF 독일DAX,10730.0
1754,KOSEF 미국방어배당성장나스닥,13410.0
1755,KOSEF 코스피100,25115.0
1756,KBSTAR KQ고배당,12350.0
1757,신한 인버스 다우존스지수 선물 ETN(H),4010.0
1758,ACE 삼성그룹동일가중,15990.0
1759,마이다스 KoreaStock중소형액티브,21300.0
1760,대상홀딩스우,8740.0
1761,KB 인버스 2X 은 선물 ETN(H),15945.0
1762,KB 인버스 KOSPI 200 선물 ETN,11315.0
1763,KOSEF Fn중소형,20840.0
1764,TRUE 베트남 VN30 선물 ETN(H),7915.0
1765,VITA 밸류알파액티브,10545.0
1766,TIGER 이머징마켓MSCI레버리지(합성 H),6925.0
1767,남선알미우,25600.0
1768,덕성우,5660.0
1769,HANARO Fn K-메타버스MZ,7850.0
1770,KBSTAR 미국장기국채선물레버리지(합성 H),7460.0
1771,TIGER 금은선물(H),9760.0
1772,동원시스템즈우,29550.0
1773,KODEX 한중전기차(합성),11130.0
1774,ACE 밸류대형,8655.0
1775,TIGER 의료기기,15560.0
1776,KBSTAR KRX300미국달러선물혼합,15560.0
1777,ACE 코스피,25910.0
1778,UNICORN R&D 액티브,11085.0
1779,KBSTAR 유로스탁스50(H),11890.0
1780,마이다스 200커버드콜5%OTM,12780.0
1781,메리츠 국채30년 ETN,7660.0
1782,KB 레버리지 KRX 2차전지 K-뉴딜 ETN,7635.0
1783,HANARO 유로존국채25년플러스(합성 H),47685.0
1784,ARIRANG KS로우사이즈가중TR,15245.0
1785,KBSTAR 주식혼합,38110.0
1786,대신 2X 알루미늄 선물 ETN(H),7620.0
1787,ACE 스마트밸류,12660.0
1788,KODEX 모멘텀Plus,10845.0
1789,TIGER KTOP30,8920.0
1790,KOSEF 200선물레버리지,14800.0
1791,히어로즈 TDF2040액티브,10755.0
1792,삼성 레버리지 KRX 2차전지 K-뉴딜 ETN,7520.0
1793,KODEX MSCI밸류,10730.0
1794,삼성 알루미늄 선물 ETN,7510.0
1795,TRUE 인버스 2X HSCEI ETN(H),7505.0
1796,TIMEFOLIO 글로벌AI인공지능액티브,10705.0
1797,ARIRANG 미국달러SOFR금리액티브(합성),49940.0
1798,태영건설우,5740.0
1799,SOL 한국형글로벌전기차&2차전지액티브,10090.0
1800,ACE 스마트퀄리티,14900.0
1801,KB 레버리지 은 선물 ETN(H),14860.0
1802,히어로즈 TDF2030액티브,10570.0
1803,HANARO 미국S&P500,10535.0
1804,KODEX TSE일본리츠(H),12285.0
1805,QV US 500 ETN(H),10520.0
1806,대신 천연가스 선물 ETN(H),7295.0
1807,KODEX 미국채울트라30년선물인버스(H),10390.0
1808,KB 인버스 2X KOSPI 200 선물 ETN,14500.0
1809,KBSTAR 국채선물3년,51770.0
1810,HANARO Fn K-푸드,9610.0
1811,ACE 베트남VN30선물블룸버그레버리지(H),9005.0
1812,ACE 중국본토CSI300레버리지(합성),3430.0
1813,신한 레버리지 10년 국채선물 ETN,10270.0
1814,TIGER 경기방어채권혼합,8975.0
1815,메리츠 STAR 50 ETN,7180.0
1816,ACE 스마트로우볼,14355.0
1817,TIGER MSCI KOREA ESG유니버설,9900.0
1818,KB 레버리지 KRX 리츠 TOP 10 ETN,7120.0
1819,HANARO 원자력iSelect,10170.0
1820,ACE 코스닥(합성),11860.0
1821,마이티 코스피100,25250.0
1822,SOL KRX기후변화솔루션,11750.0
1823,ACE 중국과창판STAR50,7815.0
1824,KBSTAR KRX기후변화솔루션,11670.0
1825,신한 인버스 2X 10년 국채선물 ETN,9945.0
1826,ACE 스마트모멘텀,13905.0
1827,메리츠 레버리지 미국채10년 ETN(H),6935.0
1828,대신 S&P WTI원유 선물 ETN,6915.0
1829,KBSTAR V&S셀렉트밸류,13785.0
1830,TIGER 코스피중형주,13765.0
1831,TIGER 200커뮤니케이션서비스,19090.0
1832,SOL KEDI메가테크액티브,12465.0
1833,KB 인버스 KOSDAQ150 선물 ETN,9780.0
1834,코리아써키트2우B,8720.0
1835,KODEX 한중반도체(합성),11360.0
1836,WOORI AI ESG액티브,8500.0
1837,KBSTAR 200에너지화학,10555.0
1838,KOSEF 차이나내수소비TOP CSI,8965.0
1839,KBSTAR 글로벌농업경제MV,9605.0
1840,대원전선우,2565.0
1841,KBSTAR 국채30년레버리지KAP(합성),19145.0
1842,KODEX 국채선물10년인버스,52980.0
1843,HANARO 글로벌신재생에너지MSCI(합성),9520.0
1844,파워 고배당저변동성,27715.0
1845,ARIRANG KS밸류가중TR,14715.0
1846,ACE 미국스팩&IPO INDXX,5515.0
1847,미래에셋 S&P 2X 천연가스 선물 ETN(H),1470.0
1848,KODEX 밸류Plus,8260.0
1849,TIGER 모멘텀,23465.0
1850,KODEX 경기소비재,9370.0
1851,ARIRANG 코스피,26225.0
1852,KODEX 콩선물(H),13090.0
1853,동부건설우,28900.0
1854,대신 인버스 철광석 선물 ETN(H) B,6520.0
1855,HANARO Fn친환경에너지,9265.0
1856,KBSTAR 수출주,10805.0
1857,KODEX MSCI모멘텀,10775.0
1858,한양증권우,12250.0
1859,KOSEF 코스닥150선물레버리지,4725.0
1860,ACE Fn성장소비주도주,6425.0
1861,KB 레버리지 구리 선물 ETN(H),12830.0
1862,KBSTAR 차이나항셍테크,5575.0
1863,KB KOSDAQ 150 선물 ETN,9150.0
1864,HANARO KRX기후변화솔루션,11635.0
1865,크라운해태홀딩스우,10650.0
1866,HANARO 농업융복합산업,11545.0
1867,신한 인버스 2X S&P500 선물 ETN,3155.0
1868,KODEX 국채선물3년인버스,52540.0
1869,깨끗한나라우,17180.0
1870,KOSEF 차이나A50커넥트레버리지MSCI(합성H),9660.0
1871,ACE 스마트하이베타,12555.0
1872,노루페인트우,13550.0
1873,삼성 HSCEI ETN(H),6245.0
1874,KOSEF 차이나A50커넥트인버스MSCI(합성 H),9600.0
1875,TIGER 차이나항셍25,13765.0
1876,HANARO Fn5G산업,11195.0
1877,HANARO 고배당,11160.0
1878,HANARO KRX300,15285.0
1879,ARIRANG 글로벌MSCI(합성 H),15670.0
1880,금강공업우,10300.0
1881,KODEX TDF2040액티브,10990.0
1882,ARIRANG KS로우볼가중TR,12065.0
1883,KODEX Fn멀티팩터,12050.0
1884,KB KOSPI 200 선물 ETN,8585.0
1885,TIGER 200커버드콜5%OTM,12005.0
1886,ARIRANG 신흥국MSCI인버스(합성 H),11535.0
1887,TIGER 200 산업재,6240.0
1888,ARIRANG 심천차이넥스트(합성),9945.0
1889,ACE 일본TOPIX인버스(합성 H),3495.0
1890,ARIRANG KS모멘텀가중TR,13200.0
1891,KODEX 200 중소형,11850.0
1892,QV 블룸버그 2X 천연가스 선물 ETN(H),1480.0
1893,하이트진로홀딩스우,12560.0
1894,금호건설우,20200.0
1895,KBSTAR 200고배당커버드콜ATM,7375.0
1896,KOSEF SK그룹대표주,10700.0
1897,ARIRANG K-유니콘투자기업액티브,9805.0
1898,MASTER 테크미디어텔레콤액티브,8385.0
1899,계양전기우,5020.0
1900,WOORI 200,33435.0
1901,KBSTAR 국채선물5년추종,48460.0
1902,KODEX K-이노베이션액티브,10520.0
1903,SK네트웍스우,50900.0
1904,ACE 주주환원가치주액티브,10480.0
1905,히어로즈 글로벌리츠이지스액티브,8850.0
1906,TIGER 200 경기소비재,15820.0
1907,TIGER 코스피대형주,12620.0
1908,ARIRANG 단기채권액티브,108710.0
1909,TIGER 라틴35,4035.0
1910,KBSTAR 헬스케어,11225.0
1911,현대비앤지스틸우,51000.0
1912,KBSTAR 국채선물10년인버스,53510.0
1913,HK 베스트일레븐액티브,7835.0
1914,ACE 필리핀MSCI(합성),13675.0
1915,ARIRANG KS퀄리티가중TR,13665.0
1916,SOL 한국형글로벌플랫폼&메타버스액티브,10470.0
1917,KBSTAR 중소형고배당,10820.0
1918,ACE 국채선물10년인버스,107520.0
1919,삼성 항셍테크 ETN(H),5340.0
1920,서울식품우,2400.0
1921,HANARO 글로벌백신치료제MSCI,10655.0
1922,ARIRANG 스마트베타Quality채권혼합,10650.0
1923,KBSTAR 200IT,13940.0
1924,WOORI 미국S&P우주항공&디펜스,10585.0
1925,ACE 국채선물3년인버스,105590.0
1926,KBSTAR TDF2040액티브,10460.0
1927,KBSTAR TDF2050액티브,10435.0
1928,KBSTAR TDF2030액티브,10410.0
1929,TIGER 로우볼,10810.0
1930,노루홀딩스우,21300.0
1931,WOORI 미국S&P500,10360.0
1932,HK S&P코리아로우볼,11465.0
1933,KODEX 차이나메타버스액티브,9370.0
1934,KBSTAR 우량업종,10250.0
1935,ACE Fn5G플러스,7240.0
1936,TIGER 코스닥150IT,14070.0
1937,성문전자우,8440.0
1938,미래에셋 인버스 전기전자 Core5 ETN,2525.0
1939,신한 인버스 2X 금 선물 ETN,5050.0
1940,TIGER 200에너지화학레버리지,11205.0
1941,KOSEF 미국ETF산업STOXX,9965.0
1942,KBSTAR 글로벌데이터센터리츠나스닥(합성),9940.0
1943,ARIRANG 글로벌D램반도체iSelect,12390.0
1944,CJ씨푸드1우,24700.0
1945,TIGER 증권,3790.0
1946,KODEX MSCI퀄리티,8180.0
1947,TRUE 인버스 나스닥 100 ETN,4850.0
1948,히어로즈 리츠이지스액티브,7380.0
1949,KOSEF 릭소글로벌디지털경제MSCI,7960.0
1950,HANARO 200선물인버스,10590.0
1951,ARIRANG 200동일가중,9520.0
1952,ARIRANG 글로벌수소&차세대연료전지MV,6755.0
1953,KBSTAR Fn K-뉴딜디지털플러스,9355.0
1954,KODEX MSCI EM선물(H),7750.0
1955,ARIRANG 코스닥150선물인버스,6630.0
1956,TIGER 지주회사,9165.0
1957,유유제약2우B,13940.0
1958,KOSEF 코스닥150선물인버스,7645.0
1959,KBSTAR 200철강소재,8350.0
1960,KODEX 멀티에셋하이인컴(H),9010.0
1961,MASTER 스마트커머스액티브,7440.0
1962,HK 하이볼액티브,8090.0
1963,하나 블룸버그 2X 천연가스 선물 ETN(H),1480.0
1964,진흥기업우B,5180.0
1965,KBSTAR Fn창업투자회사,6330.0
1966,ACE 차이나항셍테크,5515.0
1967,KBSTAR 팔라듐선물(H),8015.0
1968,KBSTAR 200중공업,10005.0
1969,HANARO Fn골프테마,6285.0
1970,미래에셋 인버스 원유선물혼합 ETN(H),4395.0
1971,SOL 차이나강소기업CSI500(합성 H),4875.0
1972,흥국화재우,5650.0
1973,마이티 200커버드콜ATM레버리지,7200.0
1974,QV 인버스 레버리지 S&P500 ETN,2070.0
1975,대신 S&P 2X 천연가스 선물 ETN,1370.0
1976,ARIRANG 코스피중형주,10150.0
1977,KODEX 퀄리티Plus,8120.0
1978,ARIRANG K리츠Fn,7345.0
1979,동양2우B,13030.0
1980,HANARO 미국메타버스iSelect,9975.0
1981,KBSTAR 코스닥150선물인버스,4420.0
1982,진흥기업2우B,13480.0
1983,ARIRANG 글로벌희토류전략자원기업MV,8655.0
1984,TIGER 200 생활소비재,8035.0
1985,동양우,6220.0
1986,KOSEF 200선물인버스,5935.0
1987,TIGER 방송통신,7355.0
1988,KBSTAR Fn플랫폼테마,7040.0
1989,TIGER 금속선물(H),5825.0
1990,TRUE 레버리지 HSCEI ETN(H),3435.0
1991,ACE 인버스,5670.0
1992,KODEX 골드선물인버스(H),6595.0
1993,HANARO 코스닥150선물레버리지,9615.0
1994,ARIRANG 코스닥150,12855.0
1995,KBSTAR 200경기소비재,9920.0
1996,KBSTAR 200금융,7875.0
1997,ARIRANG 주도업종,8820.0
1998,삼성 레버리지 HSCEI ETN(H),3005.0
1999,ARIRANG 국채선물3년,53305.0
2000,메리츠 블룸버그 2X 천연가스 선물 ETN(H),1475.0
2001,ARIRANG 글로벌인공지능산업MV,9810.0
2002,KBSTAR 글로벌원자력iSelect,9725.0
2003,TIGER KRX BBIG K-뉴딜레버리지,3030.0
2004,ACE 싱가포르리츠채권혼합모닝스타,9580.0
2005,신한 인버스 브렌트원유 선물 ETN(H),2650.0
2006,KBSTAR 미국장기국채선물인버스2X(합성 H),8805.0
2007,흥국화재2우B,17140.0
2008,ARIRANG 중형주저변동50,10350.0
2009,ARIRANG KRX300헬스케어,8575.0
2010,KBSTAR 차이나H선물인버스(H),12670.0
2011,KBSTAR 팔라듐선물인버스(H),4825.0
2012,ARIRANG TDF2060액티브,10920.0
2013,KB 레버리지 KRX BBIG K-뉴딜 ETN,2240.0
2014,ARIRANG TDF2040액티브,10575.0
2015,ARIRANG 미국대체투자Top10MV,11090.0
2016,ARIRANG TDF2030액티브,10490.0
2017,ARIRANG 탄소효율그린뉴딜,8270.0
2018,KBSTAR 모멘텀로우볼,13580.0
2019,KBSTAR 200건설,12625.0
2020,ARIRANG ESG우수기업,7965.0
2021,KBSTAR 모멘텀밸류,13275.0
2022,KBSTAR 미국장기국채선물인버스(H),9720.0
2023,ARIRANG TDF2050액티브,10595.0
2024,KBSTAR 200커뮤니케이션서비스,11900.0
2025,KBSTAR 200생활소비재,6095.0
2026,KBSTAR 200산업재,11625.0
